{"position":{"x":0.0,"y":0.0,"z":0.0},"rotation":{"x":0.7071068286895752,"y":0.0,"z":0.0,"w":0.7071068286895752},"scale":{"x":100.0,"y":100.00004577636719,"z":1.0},"colliderPosition":{"x":0.0,"y":0.0,"z":0.0},"colliderScale":{"x":1.0,"y":1.000000238418579,"z":0.10000000149011612},"meshName":"Quad","mainTextureName":"","normalTextureName":""}
{"position":{"x":0.0,"y":2.700000762939453,"z":0.0},"rotation":{"x":0.0,"y":0.0,"z":0.0,"w":1.0},"scale":{"x":5.0,"y":5.0,"z":30.0},"colliderPosition":{"x":0.0,"y":0.0,"z":0.0},"colliderScale":{"x":1.0,"y":1.0,"z":1.0},"meshName":"Cube","mainTextureName":"","normalTextureName":""}
{"position":{"x":0.0,"y":0.0,"z":240.0},"rotation":{"x":0.7071068286895752,"y":0.0,"z":0.0,"w":0.7071068286895752},"scale":{"x":100.0,"y":100.00004577636719,"z":1.0},"colliderPosition":{"x":0.0,"y":0.0,"z":0.0},"colliderScale":{"x":1.0,"y":1.000000238418579,"z":0.10000000149011612},"meshName":"Quad","mainTextureName":"","normalTextureName":""}
{"position":{"x":28.399999618530275,"y":2.700000762939453,"z":259.1000061035156},"rotation":{"x":-0.9839919805526733,"y":0.0,"z":0.1782127469778061,"w":0.0},"scale":{"x":5.0,"y":5.0,"z":30.0},"colliderPosition":{"x":0.0,"y":0.0,"z":0.0},"colliderScale":{"x":1.0,"y":1.0,"z":1.0},"meshName":"Cube","mainTextureName":"","normalTextureName":""}
{"position":{"x":0.0,"y":0.0,"z":-120.0},"rotation":{"x":0.7071068286895752,"y":0.0,"z":0.0,"w":0.7071068286895752},"scale":{"x":100.0,"y":100.00004577636719,"z":1.0},"colliderPosition":{"x":0.0,"y":0.0,"z":0.0},"colliderScale":{"x":1.0,"y":1.000000238418579,"z":0.10000000149011612},"meshName":"Quad","mainTextureName":"","normalTextureName":""}
{"position":{"x":26.299999237060548,"y":3.0,"z":-90.19999694824219},"rotation":{"x":0.0,"y":-0.4226107895374298,"z":0.0,"w":0.9063113331794739},"scale":{"x":5.0,"y":5.0,"z":30.0},"colliderPosition":{"x":0.0,"y":0.0,"z":0.0},"colliderScale":{"x":1.0,"y":1.0,"z":1.0},"meshName":"Cube","mainTextureName":"","normalTextureName":""}
{"position":{"x":0.0,"y":0.0,"z":120.0},"rotation":{"x":0.7071068286895752,"y":0.0,"z":0.0,"w":0.7071068286895752},"scale":{"x":100.0,"y":100.00004577636719,"z":1.0},"colliderPosition":{"x":0.0,"y":0.0,"z":0.0},"colliderScale":{"x":1.0,"y":1.000000238418579,"z":0.10000000149011612},"meshName":"Quad","mainTextureName":"","normalTextureName":""}
{"position":{"x":33.70000076293945,"y":2.700000762939453,"z":142.60000610351563},"rotation":{"x":0.0,"y":0.0,"z":0.0,"w":1.0},"scale":{"x":5.0,"y":5.0,"z":30.0},"colliderPosition":{"x":0.0,"y":0.0,"z":0.0},"colliderScale":{"x":1.0,"y":1.0,"z":1.0},"meshName":"Cube","mainTextureName":"","normalTextureName":""}
{"position":{"x":-120.0,"y":0.0,"z":0.0},"rotation":{"x":0.5000000596046448,"y":0.5000000596046448,"z":-0.5000000596046448,"w":0.5000000596046448},"scale":{"x":100.0,"y":100.00004577636719,"z":1.0},"colliderPosition":{"x":0.0,"y":0.0,"z":0.0},"colliderScale":{"x":1.0,"y":1.000000238418579,"z":0.10000000149011612},"meshName":"Quad","mainTextureName":"","normalTextureName":""}
{"position":{"x":-101.99999237060547,"y":2.700000762939453,"z":24.899999618530275},"rotation":{"x":0.0,"y":0.7071068286895752,"z":0.0,"w":0.7071068286895752},"scale":{"x":5.0,"y":5.0,"z":30.0},"colliderPosition":{"x":0.0,"y":0.0,"z":0.0},"colliderScale":{"x":1.0,"y":1.0,"z":1.0},"meshName":"Cube","mainTextureName":"","normalTextureName":""}
{"position":{"x":120.0,"y":0.0,"z":0.0},"rotation":{"x":0.5000000596046448,"y":-0.5000000596046448,"z":0.5000000596046448,"w":0.5000000596046448},"scale":{"x":100.0,"y":100.00004577636719,"z":1.0},"colliderPosition":{"x":0.0,"y":0.0,"z":0.0},"colliderScale":{"x":1.0,"y":1.000000238418579,"z":0.10000000149011612},"meshName":"Quad","mainTextureName":"","normalTextureName":""}
{"position":{"x":117.9000015258789,"y":2.700000762939453,"z":3.000000238418579},"rotation":{"x":0.0,"y":-0.8928741216659546,"z":0.0,"w":0.45030656456947329},"scale":{"x":5.0,"y":5.0,"z":30.0},"colliderPosition":{"x":0.0,"y":0.0,"z":0.0},"colliderScale":{"x":1.0,"y":1.0,"z":1.0},"meshName":"Cube","mainTextureName":"","normalTextureName":""}
